cityCode,population,cityName,longitude,latitude,radius,countryCode,countryName
38375,107,Saint-Christophe-en-Oisans,6.24433172989739,44.9289939812082,,,France
38040,126,Besse,6.20888719846714,45.1048558698062,,,France
38237,191,Mizoën,6.18224291921632,45.0435673936948,,,France
38112,101,Clavans-en-Haut-Oisans,6.16213807381036,45.1172387019087,,,France
38078,571,La Chapelle-du-Bard,6.13934098615704,45.4022593191417,,,France
38253,1908,Les Deux Alpes,6.12323718003055,44.9949834860479,,,France
38173,252,Le Freney-d'Oisans,6.12250361964142,45.0778909341708,,,France
38006,4102,Allevard,6.11358785461413,45.3802644336021,,,France
38527,337,Vaujany,6.10100542709951,45.186160906164,,,France
38163,398,Le Haut-Bréda,6.10019868719546,45.3020503190493,,,France
38191,1307,Huez,6.08483946321997,45.097308095256,,,France
38020,190,Auris,6.08369502569742,45.0525416727762,,,France
38268,261,Le Moutaret,6.08260404118805,45.4291252496904,,,France
38522,135,Valjouffrey,6.07943082718389,44.8814146727765,,,France
38289,235,Oz,6.07469267411012,45.1283588745179,,,France
38177,98,La Garde,6.05468863933297,45.0689823993662,,,France
38426,654,Saint-Maximin,6.0499697087331,45.4264278941476,,,France
38439,3339,Crêts en Belledonne,6.0377663893772,45.3596079006184,,,France
38550,56,Villard-Reculas,6.03699023998303,45.0938023035088,,,France
38549,27,Villard-Notre-Dame,6.033167652734,45.0089873329935,,,France
38052,3278,Le Bourg-d'Oisans,6.03276934224646,45.0340065979747,,,France
38314,7344,Pontcharra,6.02102323238719,45.4196763033554,,,France
38005,971,Allemond,6.01784542483513,45.1704940064984,,,France
38504,1961,Theys,6.01349058371654,45.297329912554,,,France
38551,43,Villard-Reymond,6.00807757755124,45.0292828502024,,,France
38100,2566,Le Cheylas,5.99858250861921,45.3815012956823,,,France
38002,1006,Les Adrets,5.99140974409017,45.2589526899927,,,France
38181,2425,Goncelin,5.98818538616058,45.3363171715872,,,France
38062,669,La Buissière,5.98622245301119,45.4087736007172,,,France
38469,65,La Salette-Fallavaux,5.98485369278465,44.8431927454092,,,France
38206,984,Laval,5.98154926462434,45.2360941391624,,,France
38073,203,Chantepérier,5.98072846037429,44.9587811705772,,,France
38027,1886,Barraux,5.98057068164999,45.4356182023506,,,France
38417,478,Sainte-Marie-d'Alloix,5.97577568823442,45.383866938985,,,France
38192,168,Hurtières,5.96835205799503,45.2866415262848,,,France
38285,152,Ornon,5.96513863683834,45.0404902068448,,,France
38154,230,Entraigues,5.96408241849901,44.8901946170172,,,France
38286,7,Oulles,5.96306541729735,45.0742112818466,,,France
38166,490,La Flachère,5.96193127720053,45.3988641228894,,,France
38350,563,Sainte-Agnès,5.9601879337945,45.2103312010866,,,France
38466,1519,Saint-Vincent-de-Mercuze,5.9592716122413,45.3743806291058,,,France
38031,20,Beaufin,5.95907408838277,44.7870905923172,,,France
38501,2095,Tencin,5.95874412916346,45.3112185637992,,,France
38075,3010,Chapareillan,5.95839268876718,45.4615618054616,,,France
38511,3229,Le Touvet,5.94554006286547,45.3517027700619,,,France
38128,486,Corps,5.94167400980112,44.8202685516255,,,France
38303,574,La Pierre,5.94105879173658,45.2945058390836,,,France
38070,1197,Le Champ-près-Froges,5.93860904465316,45.2811440586114,,,France
38008,28,Ambel,5.93322778469714,44.8000705822043,,,France
38430,320,Saint-Mury-Monteymond,5.93287806526167,45.2066746575199,,,France
38503,2539,La Terrasse,5.93161140196785,45.3255173279324,,,France
38132,70,Les Côtes-de-Corps,5.93113987261052,44.8415644852235,,,France
38418,237,Sainte-Marie-du-Mont,5.93008628321521,45.4066678841814,,,France
38175,3331,Froges,5.92621790733672,45.2653774954653,,,France
38241,21,Monestier-d'Ambel,5.92404046651767,44.7690230472643,,,France
38212,1315,Livet-et-Gavet,5.91903668509265,45.0906941269281,,,France
38120,701,La Combe-de-Lancey,5.91824434936336,45.1981266326524,,,France
38214,2136,Lumbin,5.91416611406027,45.3044873552129,,,France
38428,31,Saint-Michel-en-Beaumont,5.91321228781381,44.8697152005042,,,France
38518,495,Valbonnais,5.90988285868922,44.8981003446223,,,France
38334,1314,Revel,5.90955309841957,45.1683246596669,,,France
38414,43,Sainte-Luce,5.90662132210665,44.8503308669669,,,France
38207,151,Lavaldens,5.90337732174077,44.9922968422135,,,France
38567,422,Chamrousse,5.89444544236532,45.1194177376899,,,France
38140,8247,Crolles,5.8893621377973,45.2821318914425,,,France
38547,7107,Villard-Bonnot,5.88928245215902,45.2453169394444,,,France
38395,2434,Plateau-des-Petites-Roches,5.88576359166961,45.334022271706,,,France
38283,114,Oris-en-Rattier,5.88553286118929,44.9337166484958,,,France
38299,136,Pellafol,5.88049430495822,44.7823038164748,,,France
38329,67,Quet-en-Beaumont,5.87908620982243,44.8374668277713,,,France
38404,292,Saint-Jean-le-Vieux,5.87737443579796,45.2075719362613,,,France
38039,3072,Bernin,5.86369138936347,45.2650428700171,,,France
38470,318,La Salle-en-Beaumont,5.86174712020649,44.8599421084299,,,France
38264,132,La Morte,5.86167908760075,45.0262693107992,,,France
38538,4818,Le Versoud,5.8587946038262,45.2218640748232,,,France
38422,5451,Saint-Martin-d'Uriage,5.85684171126383,45.1533168404838,,,France
38521,71,La Valette,5.8531810719039,44.9450032349236,,,France
38431,2955,Saint-Nazaire-les-Eymes,5.85152694457485,45.259393189048,,,France
38446,571,Saint-Pierre-d'Entremont,5.85131193338432,45.3856487163538,,,France
38489,136,Siévoz,5.85112658237088,44.9050723068431,,,France
38413,454,Saint-Laurent-en-Beaumont,5.8453368972104,44.8850797427719,,,France
38529,3867,Vaulnaveys-le-Haut,5.84024593486364,45.1155445564879,,,France
38150,6745,Domène,5.83673314805534,45.2040475891215,,,France
38478,1052,Séchilienne,5.82996038813987,45.0725812272808,,,France
38397,6966,Saint-Ismier,5.82843713509457,45.2514792577278,,,France
38273,466,Nantes-en-Ratier,5.82822884598669,44.9280330013409,,,France
38456,449,Châtel-en-Trièves,5.82711254782415,44.8288307420226,,,France
38271,882,Murianette,5.82583637539853,45.1884865265116,,,France
38364,433,Saint-Barthélemy-de-Séchilienne,5.82209556245703,45.0397988214671,,,France
38444,126,Saint-Pierre-de-Méaroz,5.82033661716489,44.8732974879044,,,France
38396,814,Saint-Honoré,5.82003210552017,44.9581597656252,,,France
38552,406,Villard-Saint-Christophe,5.81909223284487,44.9860395780253,,,France
38249,5134,Montbonnot-Saint-Martin,5.8154522434662,45.2212333227664,,,France
38528,1282,Vaulnaveys-le-Bas,5.81131264976745,45.099063855267,,,France
38533,729,Venon,5.81029342610328,45.1736736668057,,,France
38497,140,Sousville,5.80643642141737,44.9105385514026,,,France
38106,329,Cholonge,5.80059393962135,45.0099476004286,,,France
38045,2386,Biviers,5.79918912761766,45.2432827731691,,,France
38313,291,Ponsonnas,5.79791387866796,44.8893644436437,,,France
38442,1015,Saint-Pierre-de-Chartreuse,5.79787436009365,45.3314570971075,,,France
38188,1361,Herbeys,5.79691911875526,45.1436516968313,,,France
38376,838,Saint-Christophe-sur-Guiers,5.79237766619099,45.4091828154119,,,France
38179,6779,Gières,5.79137731791282,45.183318962246,,,France
38269,4948,La Mure,5.78765948203309,44.9096386677865,,,France
38229,17129,Meylan,5.78417311913933,45.2121919037726,,,France
38471,1121,Le Sappey-en-Chartreuse,5.78389571337056,45.2653919838271,,,France
38203,455,Laffrey,5.78212335624319,45.0300999343072,,,France
38562,7361,Vizille,5.77943753620228,45.074532544806,,,France
38059,2556,Brié-et-Angonnes,5.77863010573072,45.1230013396589,,,France
38366,257,Saint-Baudille-et-Pipet,5.77797772485795,44.783040268827,,,France
38116,42,Cognet,5.77599516840686,44.8816019396742,,,France
38462,521,Saint-Théoffrey,5.77576275190327,44.9911009246262,,,France
38304,1496,Pierre-Châtel,5.77364477676672,44.956393515052,,,France
38514,178,Tréminis,5.77177912943823,44.7325023783352,,,France
38309,2168,Poisat,5.76983606012132,45.1540385378485,,,France
38421,38487,Saint-Martin-d'Hères,5.76515011269447,45.1758941443281,,,France
38445,764,Saint-Pierre-de-Mésage,5.76487398980254,45.047898954668,,,France
38499,1272,Susville,5.76287833821232,44.9257168831735,,,France
38252,339,Montchaboud,5.76129679689758,45.093138669875,,,France
38472,189,Sarcenas,5.76001630085793,45.2848597660288,,,France
38126,4013,Corenc,5.75925789753024,45.2258425762751,,,France
38326,355,Prunières,5.75661601553592,44.8986609487447,,,France
38155,1763,Entre-deux-Guiers,5.7560099235387,45.4159626425305,,,France
38403,288,Saint-Jean-d'Hérans,5.7532547104937,44.8547509998155,,,France
38226,1397,Mens,5.75250024227704,44.8148460341107,,,France
38279,1147,Notre-Dame-de-Mésage,5.75187078857807,45.070377160596,,,France
38402,532,Saint-Jean-de-Vaulx,5.75185571103907,45.0170330452971,,,France
38057,684,Bresson,5.75078684905373,45.1334175734448,,,France
38158,10185,Eybens,5.74852082358706,45.1513077677906,,,France
38200,3746,Jarrie,5.74649188462255,45.1109719122569,,,France
38516,6596,La Tronche,5.7436881926015,45.2106666812791,,,France
38361,84,Saint-Arey,5.74277552694346,44.8826437188221,,,France
38280,509,Notre-Dame-de-Vaulx,5.7413802580434,44.9912915558142,,,France
38265,1712,La Motte-d'Aveillans,5.74065817488323,44.9545856345128,,,France
38412,4531,Saint-Laurent-du-Pont,5.73473153384067,45.3802543097365,,,France
38328,893,Quaix-en-Chartreuse,5.73028879083485,45.2569022363623,,,France
38071,3007,Champ-sur-Drac,5.72713521867105,45.0689516844083,,,France
38068,1226,Champagnier,5.7214431840917,45.1107041590266,,,France
38185,158454,Grenoble,5.72115622480579,45.1822964978694,,,France
38266,444,La Motte-Saint-Martin,5.71904880582148,44.9466600436712,,,France
38388,2276,Saint-Georges-de-Commiers,5.71844976192638,45.036011587348,,,France
38423,5778,Saint-Martin-le-Vinoux,5.71591450444517,45.2195404230077,,,France
38151,36840,Échirolles,5.71546120290339,45.1470030310839,,,France
38325,507,Proveysieux,5.71501942383904,45.2875886456421,,,France
38224,97,Mayres-Savel,5.71139379410953,44.8869500476208,,,France
38321,164,Prébois,5.71069892237737,44.7775768396648,,,France
38236,1721,Miribel-les-Échelles,5.70797767376282,45.4377168436005,,,France
38277,518,Notre-Dame-de-Commiers,5.70447482013479,45.0096643512795,,,France
38127,165,Cornillon-en-Trièves,5.70427691623415,44.8353210083907,,,France
38564,226,Voissant,5.70397660615074,45.4797127541383,,,France
38254,487,Monteynard,5.70230549859145,44.9805904917049,,,France
38317,10435,Le Pont-de-Claix,5.70172406144642,45.1259184204289,,,France
38354,405,Saint-Albin-de-Vaulserre,5.69797517229264,45.5016102367423,,,France
38217,72,Marcieu,5.69482669021016,44.9172626121268,,,France
38405,1219,Saint-Joseph-de-Rivière,5.69063989151087,45.3647434023818,,,France
38204,193,Lalley,5.68451371621124,44.7468077905179,,,France
38382,15838,Saint-Égrève,5.68429103769622,45.2323757706544,,,France
38258,79,Mont-Saint-Martin,5.68328854452313,45.2784642552365,,,France
38420,260,Saint-Martin-de-Vaulserre,5.68155072894291,45.4926704096261,,,France
38372,723,Saint-Bueil,5.68042889714531,45.4739852439049,,,France
38208,148,Lavars,5.67918160859317,44.8534291686784,,,France
38169,22523,Fontaine,5.6777777010617,45.1926695136908,,,France
38524,8250,Varces-Allières-et-Risset,5.67691318183496,45.0913295845702,,,France
38486,7685,Seyssins,5.6755144543214,45.1552098784701,,,France
38545,8532,Vif,5.67420919761497,45.0432783071771,,,France
38407,984,La Sure en Chartreuse,5.67408510258178,45.3303889154909,,,France
38023,197,Avignonet,5.67377038409721,44.9571840576346,,,France
38485,12013,Seyssinet-Pariset,5.66922878514507,45.17300480651,,,France
38398,966,Saint-Jean-d'Avelanne,5.66763767220036,45.5084404492989,,,France
38170,2710,Fontanil-Cornillon,5.66408452002672,45.2540842888499,,,France
38362,1137,Saint-Aupre,5.66173267510502,45.4063223852542,,,France
38115,717,Saint-Martin-de-la-Cluze,5.66137756100004,44.9899318757041,,,France
38315,3630,Le Pont-de-Beauvoisin,5.66127635399679,45.5319591866233,,,France
38513,292,Treffort,5.66080429398478,44.9027054556596,,,France
38228,487,Merlas,5.65844909776114,45.4395990776883,,,France
38111,7932,Claix,5.65617372142308,45.122429097665,,,France
38492,692,Sinard,5.65611656128348,44.9430144999002,,,France
38424,155,Saint-Maurice-en-Trièves,5.65347363852522,44.7604014681023,,,France
38474,11376,Sassenage,5.65193841344548,45.2128699724074,,,France
38243,251,Le Monestier-du-Percy,5.64806723787991,44.7839901039445,,,France
38531,537,Velanne,5.64616313484129,45.4889884151726,,,France
38565,9293,Voreppe,5.64286283135139,45.2900009127463,,,France
38343,1580,Romagnieu,5.63957039062083,45.5621168817375,,,France
38383,2542,Saint-Étienne-de-Crossey,5.63683062211627,45.3796375476248,,,France
38242,1427,Monestier-de-Clermont,5.63647213111021,44.9218415375845,,,France
38386,2399,Saint-Geoire-en-Valdaine,5.63571572851327,45.4607705714478,,,France
38342,306,Roissard,5.63538326593546,44.8844766447664,,,France
38323,1156,Pressins,5.63200329870991,45.5269339547183,,,France
38436,2173,Saint-Paul-de-Varces,5.63148840890121,45.0653936386919,,,France
38433,1098,Saint-Nizier-du-Moucherotte,5.63142076435714,45.1646071630244,,,France
38113,543,Clelles,5.62854732546304,44.8245874109581,,,France
38301,172,Percy,5.62606264733571,44.7894726780991,,,France
38061,3142,La Buisse,5.62361601643478,45.3309810346214,,,France
38281,2223,Noyarey,5.61930956213833,45.241558173339,,,France
38133,4836,Coublevie,5.61789072169651,45.3567325351797,,,France
38432,938,Saint-Nicolas-de-Macherin,5.61582258385516,45.4072547309388,,,France
38187,1779,Le Gua,5.61579128104197,45.0136348578322,,,France
38438,267,Saint-Paul-lès-Monestier,5.61475487259599,44.9276226701364,,,France
38012,2878,Aoste,5.61314115214222,45.59796413233,,,France
38235,433,Miribel-Lanchâtre,5.61061019111288,44.9730667251077,,,France
38153,465,Engins,5.60920412019924,45.1933477111471,,,France
38460,430,Saint-Sulpice-des-Rivoires,5.60432979761312,45.4678394195579,,,France
38540,1438,Veurey-Voroize,5.60254339132459,45.2696960418746,,,France
38419,186,Saint-Martin-de-Clelles,5.60226559819393,44.8469968991574,,,France
38222,747,Massieu,5.59836702778851,45.4377909147502,,,France
38391,258,Saint-Guillaume,5.59136821643858,44.9450723309036,,,France
38104,1452,Chimilin,5.59000734111936,45.5736436233177,,,France
38205,2651,Lans-en-Vercors,5.58992054560116,45.1209884214587,,,France
38183,501,Granieu,5.58991867278603,45.600254345447,,,France
38429,269,Saint-Michel-les-Portes,5.58978458749882,44.8645092278902,,,France
38001,6311,Les Abrets en Dauphiné,5.58787160629205,45.5338447435499,,,France
38400,3536,Saint-Jean-de-Moirans,5.587243634005,45.3370201299287,,,France
38563,20108,Voiron,5.58254465965048,45.3790617553211,,,France
38256,1786,Montferrat,5.57965591345011,45.4754372470646,,,France
38080,774,Charancieu,5.57919971394188,45.5208635940524,,,France
38090,267,Château-Bernard,5.56416972121853,44.9817373725413,,,France
38248,543,Montaud,5.56214536400775,45.2604589790747,,,France
38239,7852,Moirans,5.56191344111191,45.3184446596904,,,France
38022,7739,Les Avenières Veyrins-Thuellin,5.55788132235203,45.6391162640192,,,France
38105,2337,Chirens,5.55612299300072,45.4161684958875,,,France
38124,2235,Corbelin,5.55290861359217,45.6026213823442,,,France
38373,1162,Saint-Cassien,5.55098101474618,45.3611576860553,,,France
38043,1544,Bilieu,5.55016545320375,45.4458519817893,,,France
38450,1451,Saint-Quentin-sur-Isère,5.54788780891248,45.2777314354396,,,France
38434,640,Saint-Ondras,5.54765881229546,45.5170712683589,,,France
38225,3000,Autrans-Méaudre en Vercors,5.54506636270868,45.1684578398027,,,France
38548,4210,Villard-de-Lans,5.54394795610037,45.0600606376727,,,France
38029,1919,La Bâtie-Montgascon,5.54248242881639,45.5755203958443,,,France
38270,1884,La Murette,5.54122467725244,45.3818262909951,,,France
38103,305,Chichilianne,5.53888926904593,44.8075785605421,,,France
38055,626,Brangues,5.5373148913796,45.6957412078703,,,France
38292,2485,Villages du Lac de Paladru,5.53219891353178,45.4718798188951,,,France
38357,2793,Saint-André-le-Gaz,5.53216536494283,45.5471766672926,,,France
38520,689,Valencogne,5.53101224124215,45.4914474034611,,,France
38084,1438,Charnècles,5.52696027248587,45.3420042956129,,,France
38186,395,Gresse-en-Vercors,5.52594050597525,44.8864872355431,,,France
38331,1021,Réaumont,5.52283747636511,45.3630401783586,,,France
38050,623,Le Bouchage,5.52259465638187,45.6696468081644,,,France
38566,1705,Vourey,5.52240385463658,45.3167757157667,,,France
38082,1925,Charavines,5.51780591445004,45.4273964520941,,,France
38129,354,Corrençon-en-Vercors,5.5176449614233,45.0117143605451,,,France
38355,122,Saint-Andéol,5.51738608702272,44.9498970453672,,,France
38296,793,Le Passage,5.5145319552137,45.5255219458657,,,France
38162,1445,Faverges-de-la-Tour,5.51423174920931,45.5941805772259,,,France
38338,747,La Rivière,5.51357537652047,45.2238329149955,,,France
38089,232,Chassignieu,5.51225838751547,45.5010130017895,,,France
38368,1062,Saint-Blaise-du-Buis,5.51199664925128,45.3807045907443,,,France
38465,1092,Saint-Victor-de-Morestel,5.49807408074503,45.7025738182342,,,France
38390,549,Saint-Gervais,5.49769279205528,45.1903496293331,,,France
38013,3313,Apprieu,5.49586414684176,45.3974842009818,,,France
38332,3507,Renage,5.49360575535609,45.3313743442701,,,France
38517,7680,Tullins,5.4904830810837,45.2936376656209,,,France
38377,3424,Saint-Clair-de-la-Tour,5.48873908360545,45.57103682486,,,France
38381,2045,Saint-Didier-de-la-Tour,5.48785237175918,45.5483257693165,,,France
38337,6476,Rives,5.48684337475865,45.3606414563796,,,France
38148,3167,Dolomieu,5.48644886218693,45.61522576108,,,France
38098,676,Chélieu,5.48009200919809,45.5080553825917,,,France
38310,1188,Poliénas,5.4799096793856,45.2501673459371,,,France
38287,1006,Oyeu,5.47958020809439,45.4269910799883,,,France
38458,627,Saint-Sorlin-de-Morestel,5.47261078069409,45.6330800906551,,,France
38333,322,Rencurel,5.47258684754083,45.1182912653736,,,France
38560,1539,Val-de-Virieu,5.47197209239531,45.4781884382517,,,France
38076,1807,La Chapelle-de-la-Tour,5.47059469419319,45.5892008832536,,,France
38543,2129,Vézeronce-Curtin,5.4703672779036,45.65428700029,,,France
38261,4469,Morestel,5.4699639606117,45.6799689279335,,,France
38030,1682,Beaucroissant,5.46817168908208,45.3421983802004,,,France
38345,609,Rovon,5.46526170892836,45.1840698837017,,,France
38139,1503,Creys-Mépieu,5.46484639630453,45.7444651337544,,,France
38004,1244,L'Albenc,5.45856890968167,45.2184449374553,,,France
38246,1084,Montagnieu,5.45222215470074,45.5267119591928,,,France
38263,428,Morette,5.4509029938831,45.2852175394961,,,France
38525,474,Vasselin,5.44984302911602,45.6287664578613,,,France
38118,1574,Colombe,5.449333243991,45.3939728041414,,,France
38074,337,Chantesse,5.4474183253234,45.244931531296,,,France
38063,423,Burcin,5.44741049355904,45.4331352686005,,,France
38047,145,Blandin,5.44686443479116,45.4800525433454,,,France
38509,8080,La Tour-du-Pin,5.44509359590039,45.5733434213725,,,France
38216,53,Malleval-en-Vercors,5.44432628069857,45.1531501001658,,,France
38137,438,Cras,5.43887051670393,45.2724818521266,,,France
38297,1809,Arandon-Passins,5.43660655821245,45.7036943779583,,,France
38369,977,Sainte-Blandine,5.43585476289858,45.5453294768147,,,France
38401,1585,Saint-Jean-de-Soudain,5.43573416064014,45.5847177383964,,,France
38437,295,Saint-Paul-d'Izeaux,5.43250551478191,45.313943343441,,,France
38194,2147,Izeaux,5.43064441529693,45.3432158487315,,,France
38147,881,Doissin,5.42896708754488,45.5016762787927,,,France
38065,2075,Châbons,5.42549055168416,45.4481869173869,,,France
38546,1015,Vignieu,5.42076538526119,45.6312761297942,,,France
38182,3094,Le Grand-Lemps,5.41933893714361,45.3948292262605,,,France
38117,635,Cognin-les-Gorges,5.41800660779378,45.1703251489661,,,France
38341,1116,Rochetoirin,5.41643204730853,45.5882087923889,,,France
38054,1512,Bouvesse-Quirieu,5.41525651385304,45.7839830191446,,,France
38278,492,Notre-Dame-de-l'Osier,5.41520172329421,45.2384745460109,,,France
38526,365,Vatilieu,5.41161819495034,45.2609055518263,,,France
38483,1668,Sermérieu,5.40985170383048,45.6665896967076,,,France
38559,4251,Vinay,5.40753264364717,45.2149420892928,,,France
38257,451,Montrevel,5.40731677524981,45.4770444349553,,,France
38171,322,La Forteresse,5.40702550594345,45.2946847641493,,,France
38322,87,Presles,5.40578750550363,45.0930396632339,,,France
38508,739,Torchefelon,5.40290714447542,45.5187772664338,,,France
38247,3368,Montalieu-Vercieu,5.40280247031827,45.812093776437,,,France
38250,532,Montcarra,5.39878959744448,45.6093212927426,,,France
38033,638,Beaulieu,5.39694825603961,45.191258996854,,,France
38195,726,Izeron,5.39417454595938,45.1423238865506,,,France
38108,121,Choranche,5.39349823511238,45.0712243044373,,,France
38042,1008,Bévenais,5.39283062440299,45.3941517380529,,,France
38320,1766,Porcieu-Amblagnieu,5.3928072012471,45.8375062741131,,,France
38135,1276,Courtenay,5.39221330371432,45.7366186922792,,,France
38308,261,Plan,5.39210999123826,45.3169961866784,,,France
38490,1909,Sillans,5.39164184991715,45.3476650838193,,,France
38092,88,Châtelus,5.39072181432886,45.0540549059991,,,France
38330,103,Quincieu,5.38741620625469,45.2779790599843,,,France
38443,464,Saint-Pierre-de-Chérennes,5.38553857047417,45.1218516009762,,,France
38464,2240,Saint-Victor-de-Cessieu,5.38319049922055,45.5399926981383,,,France
38046,963,Bizonnes,5.37920789374978,45.4469729774093,,,France
38064,2984,Cessieu,5.37638638611845,45.5693103089548,,,France
38500,574,Têche,5.37563707652622,45.178098143835,,,France
38275,296,Serre-Nerpol,5.37164530865832,45.2578501155959,,,France
38044,1419,Biol,5.36942781083254,45.4963231584407,,,France
38539,639,Vertrieu,5.36415109298649,45.870927223728,,,France
38038,598,Belmont,5.36361642755577,45.473904974852,,,France
38174,1094,La Frette,5.36325394052199,45.3877265283742,,,France
38083,459,Charette,5.3621002112397,45.8049380634089,,,France
38374,3585,Saint-Chef,5.36151604820695,45.6412514899449,,,France
38213,571,Longechenal,5.35994574615575,45.4232104353325,,,France
38427,304,Saint-Michel-de-Saint-Geoirs,5.35927101481439,45.3011099946113,,,France
38494,777,Soleymieu,5.35901861264846,45.703662305791,,,France
38467,1420,Salagnon,5.3575808731152,45.6686066262464,,,France
38295,709,Parmilieu,5.35461458698671,45.8453337544624,,,France
38387,516,Saint-Geoirs,5.35252890379891,45.3137854578905,,,France
38036,92,Beauvoir-en-Royans,5.35124612638038,45.117028805124,,,France
38384,3225,Saint-Étienne-de-Saint-Geoirs,5.34849317859078,45.3459085553984,,,France
38319,774,Pont-en-Royans,5.34720128805472,45.061089298531,,,France
38380,302,Saint-Didier-de-Bizonnes,5.34438907265844,45.4612300849312,,,France
38454,2098,Saint-Sauveur,5.34430288719473,45.1453364638433,,,France
38348,4529,Ruy-Montceau,5.34423664591118,45.5904254087563,,,France
38498,735,Succieu,5.34271136164595,45.5294114737287,,,France
38463,1721,Saint-Vérand,5.3426782206267,45.1827734170529,,,France
38523,854,Varacieux,5.34189330891604,45.2278919969749,,,France
38086,406,Chasselay,5.34113897470239,45.2611941893687,,,France
38481,1057,Sérézin-de-la-Tour,5.34080602205765,45.5548922989222,,,France
38060,144,Brion,5.3400338734798,45.2922457015293,,,France
38282,843,Optevoz,5.34001305446772,45.7529638786339,,,France
38365,814,Saint-Baudille-de-la-Tour,5.33694788998295,45.7871962061149,,,France
38356,315,Saint-André-en-Royans,5.33647334806567,45.0830350263296,,,France
38159,533,Eydoche,5.33330259586462,45.4422235046757,,,France
38091,716,Châteauvilain,5.33035977191028,45.5137299078454,,,France
38393,1504,Saint-Hilaire-de-la-Côte,5.32966186803577,45.3896109919641,,,France
38515,2170,Trept,5.324536002951,45.6889188833606,,,France
38455,4076,Saint-Savin,5.32140840322358,45.6255685711309,,,France
38026,1060,La Balme-les-Grottes,5.319430992029,45.8418221378956,,,France
38453,1778,Saint-Romans,5.31896948814782,45.1053148417813,,,France
38272,397,Murinais,5.31827284261978,45.2109491244536,,,France
38416,7903,Saint-Marcellin,5.31718600363056,45.152746469093,,,France
38167,524,Flachères,5.31488076292525,45.4693672387773,,,France
38488,583,Siccieu-Saint-Julien-et-Carisieu,5.31415265915147,45.7302547066,,,France
38018,376,Auberives-en-Royans,5.31179453490422,45.0646579702832,,,France
38267,715,Mottier,5.30857347843979,45.4230366826505,,,France
38058,2132,Brézins,5.30790837133454,45.3451077711781,,,France
38276,2649,Nivolas-Vermelle,5.30707214677669,45.5616926767659,,,France
38152,1434,Eclose-Badinières,5.30156583115456,45.499302136197,,,France
38440,761,Saint-Pierre-de-Bressieux,5.29989279440043,45.3009570023556,,,France
38180,1012,Gillonnay,5.29728799872532,45.3852485616722,,,France
38099,708,Chevrières,5.29324688211334,45.1919489556734,,,France
38190,1192,Hières-sur-Amby,5.29309116456877,45.7996339779365,,,France
38069,1400,Champier,5.29262876160755,45.4576351113423,,,France
38156,985,Les Éparres,5.29213254953997,45.538159680802,,,France
38010,676,Annoisin-Chatelans,5.29169374768959,45.7611004880431,,,France
38392,636,Saint-Hilaire-de-Brens,5.29093393135921,45.6754797493717,,,France
38146,837,Dizimieu,5.28721656610812,45.7133765798415,,,France
38230,995,Meyrié,5.28513311147703,45.5602522671212,,,France
38495,584,La Sône,5.28044284040305,45.1171945189135,,,France
38409,1212,Saint-Just-de-Claix,5.27988459913389,45.0771829869815,,,France
38095,2512,Chatte,5.27942876601691,45.139882378207,,,France
38056,93,Bressieux,5.27803503550358,45.3221938021596,,,France
38532,846,Vénérieu,5.27595430633809,45.6601214377944,,,France
38053,28387,Bourgoin-Jallieu,5.27373710303637,45.6024679134736,,,France
38512,754,Tramolé,5.26802437818979,45.5137711078265,,,France
38535,266,Vernas,5.26732656479439,45.7769171504365,,,France
38041,116,Bessins,5.26421802883667,45.2042077016907,,,France
38457,2887,Saint-Siméon-de-Bressieux,5.26295674367363,45.3262102685954,,,France
38130,4811,La Côte-Saint-André,5.26068943833578,45.3836942753848,,,France
38360,409,Saint-Appolinard,5.26034131266976,45.1840473441338,,,France
38260,511,Moras,5.25996832464087,45.6870144168458,,,France
38223,1745,Maubec,5.25841682072174,45.5660838825827,,,France
38138,3282,Crémieu,5.25736770225905,45.7320714826161,,,France
38210,838,Leyrieu,5.25516885131238,45.7564123947092,,,France
38394,1886,Saint-Hilaire-du-Rosier,5.25022761705778,45.0906174199761,,,France
38347,1157,Roybon,5.24911578222327,45.2481127812857,,,France
38221,147,Marnans,5.248590758678,45.2898068339608,,,France
38141,745,Culin,5.24528568399408,45.5237272766901,,,France
38149,1661,Domarin,5.24507763655028,45.5815049606579,,,France
38415,1393,Saint-Marcel-Bel-Accueil,5.24033726764029,45.6486032564354,,,France
38351,1043,Saint-Agnin-sur-Bion,5.23930656675557,45.5387086059685,,,France
38554,1852,Villemoirieu,5.23311349887632,45.7138065502623,,,France
38358,692,Sainte-Anne-sur-Gervonde,5.23297823286217,45.4997438835229,,,France
38093,440,Châtenay,5.22918483501568,45.3292151026487,,,France
38542,336,Veyssilieu,5.22779426478465,45.6803391812701,,,France
38370,634,Saint-Bonnet-de-Chavagne,5.22742213935933,45.1212324799227,,,France
38352,1982,Saint-Alban-de-Roche,5.22498842749759,45.5867401621587,,,France
38451,3288,Saint-Romain-de-Jalionas,5.22406704120798,45.7522008795084,,,France
38193,16124,L'Isle-d'Abeau,5.22284204266721,45.6180814638543,,,France
38094,2072,Châtonnay,5.22240513147562,45.4770808326904,,,France
38473,1124,Sardieu,5.22143212382561,45.3607320186656,,,France
38136,508,Crachier,5.2205054985921,45.5464241056238,,,France
38479,2015,Porte-des-Bonnevaux,5.21718622855647,45.4346243414321,,,France
38102,596,Chèzeneuve,5.21674026329073,45.5608263569265,,,France
38284,844,Ornacieux-Balbins,5.2152170280552,45.3955730109516,,,France
38359,1155,Saint Antoine l'Abbaye,5.21243911276417,45.1847420211001,,,France
38109,1064,Chozeau,5.20989051988425,45.6993595392853,,,France
38561,1630,Viriville,5.20274696614265,45.3050762791876,,,France
38245,266,Montagne,5.20043744109999,45.1420127348148,,,France
38231,1015,Meyrieu-les-Étangs,5.19843057636128,45.5158410311035,,,France
38172,1494,Four,5.19517126107953,45.5773087860009,,,France
38294,666,Panossas,5.19354335259166,45.6762781943987,,,France
38176,2069,Frontonas,5.1856028301547,45.6511929586671,,,France
38530,2553,Vaulx-Milieu,5.18515124913805,45.6155856220304,,,France
38410,1338,Saint-Lattier,5.18507883576524,45.0934989045139,,,France
38507,7249,Tignieu-Jameyzieu,5.18419000440534,45.7350913018062,,,France
38211,341,Lieudieu,5.18033403671991,45.4575048654842,,,France
38300,350,Penol,5.18033184942917,45.3717220502463,,,France
38218,1104,Marcilloles,5.17535218855739,45.3468579286341,,,France
38316,5772,Pont-de-Chéruy,5.17267045474859,45.7524770695049,,,France
38097,4685,Chavanoz,5.17198751398257,45.7692134848986,,,France
38255,133,Montfalcon,5.17165156678454,45.2603660591125,,,France
38067,1674,Chamagnieu,5.1668106981263,45.6881797863238,,,France
38015,1809,Artas,5.16666598706367,45.5377220466736,,,France
38339,2083,Roche,5.15586696736645,45.5743848038683,,,France
38505,743,Thodure,5.15557805410862,45.3156943613763,,,France
38553,18763,Villefontaine,5.15474023735464,45.6136620612635,,,France
38011,1061,Anthon,5.1544879324578,45.7851175790666,,,France
38161,1038,Faramans,5.15417338891879,45.388317086497,,,France
38085,9661,Charvieu-Chavagneux,5.15137232031968,45.7397220050254,,,France
38537,7226,La Verpillière,5.14878643885369,45.6376539858776,,,France
38049,294,Bossieu,5.14758877131305,45.4178181355652,,,France
38379,282,Saint-Clair-sur-Galaure,5.14752051902305,45.2723842000431,,,France
38399,4594,Saint-Jean-de-Bournay,5.14717968702371,45.4981822986843,,,France
38291,1146,Pajay,5.12986037091746,45.3590768475052,,,France
38475,2419,Satolas-et-Bonce,5.12563918052791,45.6828404694739,,,France
38032,548,Beaufort,5.1162700586833,45.329303935839,,,France
38081,1911,Charantonnay,5.11563584733795,45.53871398234,,,France
38555,1147,Villeneuve-de-Marc,5.11494445748816,45.4627125813043,,,France
38197,1829,Janneyrias,5.1147346078127,45.7512843348168,,,France
38048,1096,Bonnefamille,5.114619306625,45.6008665395183,,,France
38449,6103,Saint-Quentin-Fallavier,5.10855491033523,45.6396439557619,,,France
38311,704,Pommier-de-Beaurepaire,5.1079116086502,45.3924825102636,,,France
38557,4936,Villette-d'Anthon,5.10732222247149,45.7843391958661,,,France
38209,222,Lentiol,5.10364713667396,45.296204740426,,,France
38346,396,Royas,5.10124547044502,45.5055031359334,,,France
38144,2722,Diémoz,5.08911007214676,45.5884490962629,,,France
38219,670,Marcollin,5.08860213700554,45.310430944589,,,France
38406,149,Saint-Julien-de-l'Herms,5.08592427221982,45.4310939550931,,,France
38363,941,Saint-Barthélemy,5.08085029658024,45.3415807581328,,,France
38035,1121,Beauvoir-de-Marc,5.08003031504551,45.5194465849951,,,France
38389,3354,Saint-Georges-d'Espéranche,5.07944636210064,45.5597612714247,,,France
38184,1606,Grenay,5.07683758176989,45.6619866994535,,,France
38307,531,Pisieu,5.07388112447171,45.3866974603674,,,France
38232,637,Meyssiez,5.06186119846264,45.4623739700318,,,France
38476,895,Savas-Mépin,5.061732288801,45.4967722242903,,,France
38189,4731,Heyrieux,5.05937847182338,45.6282558878552,,,France
38034,4921,Beaurepaire,5.04360398341885,45.3365583640046,,,France
38324,720,Primarette,5.0336514491931,45.4081409411924,,,France
38335,1053,Revel-Tourdan,5.03146792638249,45.3713845163492,,,France
38288,1637,Oytier-Saint-Oblas,5.03106793146524,45.5640914916424,,,France
38519,2799,Valencin,5.02780113413133,45.6077427934793,,,France
38238,1889,Moidieu-Détourbe,5.02176029598364,45.5122447853887,,,France
38134,879,Cour-et-Buis,5.01841529558774,45.4404765675908,,,France
38408,2568,Saint-Just-Chaleyssin,5.00477404812112,45.5868126697736,,,France
38160,2252,Eyzin-Pinet,4.99854262990875,45.4780022361702,,,France
38290,841,Pact,4.9889695198084,45.3541557542089,,,France
38240,707,Moissieu-sur-Dolon,4.98644078608161,45.3908441857414,,,France
38480,2063,Septème,4.98528218358919,45.5477833955992,,,France
38259,961,Montseveroux,4.97404868312603,45.4298626008753,,,France
38157,3365,Estrablin,4.95862502994165,45.5133034657841,,,France
38215,2302,Luzinay,4.95682046522744,45.5895158054893,,,France
38037,990,Bellegarde-Poussieu,4.95101934680186,45.3777029915417,,,France
38198,1037,Jarcieu,4.9491352305011,45.3353839875844,,,France
38244,792,Monsteroux-Milieu,4.94754216071788,45.4350020496332,,,France
38459,878,Saint-Sorlin-de-Vienne,4.9385359512558,45.4736498318689,,,France
38066,180,Chalon,4.93682625906943,45.4516129128588,,,France
38318,5210,Pont-Évêque,4.92400794543322,45.5343389875925,,,France
38484,1939,Serpaize,4.91971613025895,45.5573241645156,,,France
38496,1241,Sonnay,4.91646270210436,45.3567659189714,,,France
38077,751,La Chapelle-de-Surieu,4.91632917653784,45.3942993978405,,,France
38558,1872,Villette-de-Vienne,4.91291963817165,45.5892574409115,,,France
38199,2207,Jardin,4.91024751437266,45.4928310631117,,,France
38536,1294,Vernioz,4.899613759361,45.4301701228796,,,France
38051,1375,Bougé-Chambalud,4.89247454626178,45.3196333111278,,,France
38452,353,Saint-Romain-de-Surieu,4.88944259508365,45.3897811848222,,,France
38009,1013,Anjou,4.88303196479171,45.349188212561,,,France
38544,29306,Vienne,4.88079910846572,45.5209039561134,,,France
38131,2026,Les Côtes-d'Arey,4.87958993991357,45.4566732141921,,,France
38110,2181,Chuzelles,4.878452266318,45.5758764297121,,,France
38017,1472,Assieu,4.87784248593059,45.4098813622499,,,France
38003,1106,Agnin,4.86053906794728,45.3362389466022,,,France
38556,1173,Ville-sous-Anjou,4.85855729720352,45.3766002401432,,,France
38336,1909,Reventin-Vaugris,4.84402949124517,45.4793517898218,,,France
38487,2003,Seyssuel,4.84347992759376,45.5599150867413,,,France
38101,1024,Cheyssieu,4.84256673210834,45.425592856699,,,France
38072,2589,Chanas,4.83162857282685,45.3176949758974,,,France
38344,8455,Roussillon,4.81885293113364,45.3788935270743,,,France
38019,1484,Auberives-sur-Varèze,4.8187402213761,45.4269210983619,,,France
38087,6048,Chasse-sur-Rhône,4.81433246514849,45.5796147677296,,,France
38468,4513,Salaise-sur-Sanne,4.80923854170406,45.3443746902993,,,France
38107,1668,Chonas-l'Amballan,4.80295295167797,45.464890834996,,,France
38448,1372,Saint-Prim,4.80129820496821,45.4454063299385,,,France
38114,1458,Clonas-sur-Varèze,4.79299165070812,45.4146945941768,,,France
38349,2309,Sablons,4.7848131130482,45.3216345331961,,,France
38298,6680,Le Péage-de-Roussillon,4.78325064944031,45.3683822365502,,,France
38425,6141,Saint-Maurice-l'Exil,4.77724657362707,45.3923525541764,,,France
38378,3817,Saint-Clair-du-Rhône,4.77289849013719,45.4352448728797,,,France
38340,1925,Les Roches-de-Condrieu,4.764797880551,45.4534682342115,,,France
38353,842,Saint-Alban-du-Rhône,4.75475832266605,45.4183661913418,,,France
